id,FullAskText, Бабчинський Олександр Васильович, Бенкендорф Геннадій Данилович, Бойко Андрій Анатолійович, Васильянов Дмитро Сергійович, Гаврилюк Василь Васильович, Гамалій Андрій Вячеславович, Гордійчук Валерій Григорович, Гурома Анатолій Степанович, Гурома Степан Анатолійович, Дюднєв Андрій Михайлович, Дюднєв Артем Михайлович, Жильчук Олександр Борисович, Качуровський Анатолій Іванович, Конюшенко Андрій Олександрович, Костинюк Володимир Володимирович, Костюкович Дмитро Карлович, Мазій Олена Миколаївна, Мастикаш Андрій Ігорович, Микуляк Іван Михайлович, Наглюк Юлія Вікторівна, Невенчан Геннадій Володимирович, Пливанюк Юрій Васильович, Посітко Михайло Володимирович, Розбам Микола Нюсевич, Савчук Наталія Федорівна, Сімашкевич Михайло Євстафійович, Старченко Світлана Володимирівна, Ткач Олег Васильович, Ткачук Олександр Анатолійович, Цвігун Борис Ярославович, Чинчик Олександр Сергійович, Чистяков Анатолій Євгенович, Шуханов Микола Макарович, Яриновський Юрій Леонідович,result
1,Про затвердження звіту «Про виконання бюджету міста Кам’янця-Подільського за 2016 рік»., ЗА, УТРИМАВСЯ, ЗА, ЗА, ЗА, ЗА, ЗА, ЗА, ЗА, ЗА, ЗА, ЗА, ЗА, ЗА, ЗА, УТРИМАВСЯ, УТРИМАВСЯ, НЕ ГОЛОСУВАВ, УТРИМАВСЯ, ЗА, ЗА, ЗА, УТРИМАВСЯ, ЗА, ЗА, ЗА, ЗА, ЗА, ЗА, ЗА, ЗА, ЗА, ЗА, УТРИМАВСЯ,РІШЕННЯ ПРИЙНЯТО
2,Про внесення змін та доповнень до рішення вісімдесят шостої сесії міської ради від 30.06.2015 № 2/86 «Про затвердження Положень про місцеві податки і збори у м. Кам’янці-Подільському»., ЗА, ЗА, ЗА, НЕ ГОЛОСУВАВ, ЗА, ЗА, ЗА, ЗА, ЗА, ЗА, ЗА, ЗА, ЗА, ЗА, ЗА, ЗА, ЗА, НЕ ГОЛОСУВАВ, ЗА, ЗА, ЗА, НЕ ГОЛОСУВАВ, ЗА, ЗА, ЗА, ЗА, ЗА, ЗА, ЗА, ЗА, ЗА, ЗА, ЗА, ЗА,РІШЕННЯ ПРИЙНЯТО
3,Про внесення змін та доповнень до рішення вісімдесят шостої сесії міської ради від 30.06.2015 № 2/86 «Про затвердження Положень про місцеві податки і збори у м. Кам’янці-Подільському»., УТРИМАВСЯ, ЗА, ЗА, НЕ ГОЛОСУВАВ, ЗА, НЕ ГОЛОСУВАВ, ЗА, ЗА, ЗА, ЗА, НЕ ГОЛОСУВАВ, ЗА, НЕ ГОЛОСУВАВ, УТРИМАВСЯ, ЗА, ЗА, ЗА, НЕ ГОЛОСУВАВ, ЗА, ЗА, УТРИМАВСЯ, НЕ ГОЛОСУВАВ, ЗА, ЗА, НЕ ГОЛОСУВАВ, НЕ ГОЛОСУВАВ, НЕ ГОЛОСУВАВ, УТРИМАВСЯ, ЗА, НЕ ГОЛОСУВАВ, ЗА, ЗА, ЗА, ЗА,РІШЕННЯ ПРИЙНЯТО
4,Про результати роботи Кам’янець-Подільського ВП ГУНП в Хмельницькій області за 2016 рік.: надання слова громадянину, ЗА, ЗА, ЗА, УТРИМАВСЯ, НЕ ГОЛОСУВАВ, НЕ ГОЛОСУВАВ, НЕ ГОЛОСУВАВ, НЕ ГОЛОСУВАВ, НЕ ГОЛОСУВАВ, ЗА, НЕ ГОЛОСУВАВ, ЗА, ЗА, НЕ ГОЛОСУВАВ, ЗА, ЗА, ЗА, НЕ ГОЛОСУВАВ, ЗА, ЗА, ЗА, УТРИМАВСЯ, ЗА, ЗА, НЕ ГОЛОСУВАВ, ЗА, НЕ ГОЛОСУВАВ, ЗА, ЗА, НЕ ГОЛОСУВАВ, ЗА, ЗА, ЗА, ЗА,РІШЕННЯ ПРИЙНЯТО
5,Про результати роботи Кам’янець-Подільського ВП ГУНП в Хмельницькій області за 2016 рік., ЗА, ЗА, ЗА, ЗА, ЗА, ЗА, ЗА, ЗА, ЗА, ЗА, ЗА, ЗА, НЕ ГОЛОСУВАВ, ЗА, ЗА, ЗА, ЗА, ЗА, ЗА, ЗА, ЗА, НЕ ГОЛОСУВАВ, ЗА, ЗА, ЗА, ЗА, ЗА, ЗА, ЗА, ЗА, ЗА, ЗА, ЗА, ЗА,РІШЕННЯ ПРИЙНЯТО
6,"Про затвердження звіту про виконання у 2016 році міської Програми соціального захисту дітей, що опинилися в складних життєвих обставинах, дітей-сиріт та дітей, позбавлених батьківського піклування на 2016-2020 роки.", ЗА, УТРИМАВСЯ, ЗА, ЗА, ЗА, ЗА, НЕ ГОЛОСУВАВ, ЗА, ЗА, ЗА, ЗА, ЗА, ЗА, ЗА, ЗА, УТРИМАВСЯ, УТРИМАВСЯ, ЗА, УТРИМАВСЯ, ЗА, ЗА, ЗА, УТРИМАВСЯ, ЗА, ЗА, ЗА, ЗА, ЗА, ЗА, ЗА, ЗА, ЗА, ЗА, УТРИМАВСЯ,РІШЕННЯ ПРИЙНЯТО
7,"Про затвердження звіту про виконання у 2016 році міської Програми забезпечення житлом дітей-сиріт, дітей, позбавлених батьківського піклування та осіб з їх числа на 2013-2018 роки.", ЗА, ЗА, ЗА, ЗА, ЗА, ЗА, ЗА, ЗА, ЗА, ЗА, ЗА, ЗА, ЗА, ЗА, ЗА, ЗА, ЗА, ЗА, ЗА, ЗА, ЗА, ЗА, ЗА, ЗА, ЗА, ЗА, ЗА, ЗА, ЗА, ЗА, ЗА, ЗА, ЗА, ЗА,РІШЕННЯ ПРИЙНЯТО
8,"Про затвердження звіту про виконання у 2016 році міської Програми забезпечення житлом дітей-сиріт, дітей, позбавлених батьківського піклування та осіб з їх числа на 2013-2018 роки.", ЗА, УТРИМАВСЯ, ЗА, ЗА, ЗА, ЗА, НЕ ГОЛОСУВАВ, ЗА, ЗА, ЗА, ЗА, ЗА, ЗА, ЗА, ЗА, УТРИМАВСЯ, УТРИМАВСЯ, ЗА, УТРИМАВСЯ, ЗА, ЗА, ЗА, УТРИМАВСЯ, ЗА, ЗА, ЗА, ЗА, ЗА, ЗА, ЗА, ЗА, ЗА, ЗА, УТРИМАВСЯ,РІШЕННЯ ПРИЙНЯТО
9,Про затвердження Звіту про виконання міської Програми «Харчування дітей» на 2016 рік., ЗА, УТРИМАВСЯ, ЗА, ЗА, ЗА, ЗА, ЗА, ЗА, ЗА, ЗА, ЗА, ЗА, ЗА, ЗА, ЗА, УТРИМАВСЯ, УТРИМАВСЯ, ЗА, УТРИМАВСЯ, ЗА, ЗА, ЗА, УТРИМАВСЯ, ЗА, ЗА, ЗА, НЕ ГОЛОСУВАВ, ЗА, ЗА, ЗА, ЗА, ЗА, ЗА, УТРИМАВСЯ,РІШЕННЯ ПРИЙНЯТО
10,Про затвердження Звіту про виконання Програми «Розвиток та підтримка науково-дослідницької роботи в загальноосвітніх та позашкільних навчальних закладах міста» за 2016 рік., ЗА, УТРИМАВСЯ, ЗА, ЗА, ЗА, ЗА, ЗА, ЗА, ЗА, ЗА, ЗА, ЗА, ЗА, ЗА, ЗА, УТРИМАВСЯ, УТРИМАВСЯ, ЗА, УТРИМАВСЯ, ЗА, ЗА, ЗА, УТРИМАВСЯ, ЗА, ЗА, ЗА, НЕ ГОЛОСУВАВ, ЗА, ЗА, ЗА, ЗА, ЗА, ЗА, УТРИМАВСЯ,РІШЕННЯ ПРИЙНЯТО
11,Про затвердження Статуту Кам’янець-Подільського навчально-виховного комплексу № 14 у складі спеціалізованої загальноосвітньої школи І ступеня з поглибленим вивченням англійської мови та гімназії Хмельницької області в новій редакції., ЗА, ЗА, ЗА, ЗА, ЗА, ЗА, ЗА, ЗА, ЗА, ЗА, ЗА, ЗА, ЗА, ЗА, ЗА, ЗА, ЗА, ЗА, ЗА, ЗА, ЗА, ЗА, ЗА, ЗА, ЗА, ЗА, НЕ ГОЛОСУВАВ, ЗА, ЗА, ЗА, ЗА, ЗА, ЗА, ЗА,РІШЕННЯ ПРИЙНЯТО
12,Про встановлення пільгової орендної плати орендарям нежитлових приміщень комунальної власності міста., ЗА, ЗА, ЗА, ЗА, ЗА, ЗА, ЗА, ЗА, ЗА, ЗА, ЗА, ЗА, ЗА, ЗА, ЗА, ЗА, ЗА, ЗА, ЗА, ЗА, ЗА, ЗА, ЗА, ЗА, ЗА, ЗА, ЗА, ЗА, ЗА, ЗА, ЗА, ЗА, ЗА, ЗА,РІШЕННЯ ПРИЙНЯТО
13,Про внесення доповнень до рішення 23 сесії міської ради VІІ скликання від 20.12.2016 № 3/23., ЗА, ЗА, ЗА, ЗА, ЗА, ЗА, ЗА, ЗА, ЗА, ЗА, ЗА, ЗА, ЗА, ЗА, ЗА, ЗА, ЗА, ЗА, ЗА, ЗА, ЗА, ЗА, ЗА, ЗА, ЗА, ЗА, ЗА, ЗА, ЗА, ЗА, ЗА, ЗА, ЗА, ЗА,РІШЕННЯ ПРИЙНЯТО
14,Про внесення доповнень до рішення 23 сесії міської ради VІІ скликання від 20.12.2016 № 3/23., НЕ ГОЛОСУВАВ, УТРИМАВСЯ, ЗА, ЗА, ЗА, ЗА, ЗА, ЗА, ЗА, ЗА, НЕ ГОЛОСУВАВ, ЗА, ЗА, ЗА, ЗА, УТРИМАВСЯ, УТРИМАВСЯ, ЗА, УТРИМАВСЯ, ЗА, УТРИМАВСЯ, ЗА, УТРИМАВСЯ, ЗА, ЗА, ЗА, НЕ ГОЛОСУВАВ, ЗА, ЗА, ЗА, ЗА, НЕ ГОЛОСУВАВ, ЗА, УТРИМАВСЯ,РІШЕННЯ ПРИЙНЯТО
15,Про виділення коштів з міського бюджету на збільшення статутного капіталу КП «Міськтепловоденергія».: пропозиція Посітка М.В., УТРИМАВСЯ, ЗА, ЗА, УТРИМАВСЯ,ВІДСУТНІЙ, НЕ ГОЛОСУВАВ, НЕ ГОЛОСУВАВ, НЕ ГОЛОСУВАВ, НЕ ГОЛОСУВАВ, НЕ ГОЛОСУВАВ,ВІДСУТНІЙ, ЗА, НЕ ГОЛОСУВАВ, НЕ ГОЛОСУВАВ, НЕ ГОЛОСУВАВ, ЗА, ЗА, НЕ ГОЛОСУВАВ, ЗА, НЕ ГОЛОСУВАВ, УТРИМАВСЯ, НЕ ГОЛОСУВАВ, ЗА, НЕ ГОЛОСУВАВ, НЕ ГОЛОСУВАВ, НЕ ГОЛОСУВАВ, НЕ ГОЛОСУВАВ, ЗА, ЗА, НЕ ГОЛОСУВАВ, НЕ ГОЛОСУВАВ, НЕ ГОЛОСУВАВ, НЕ ГОЛОСУВАВ, ЗА,РІШЕННЯ НЕ ПРИЙНЯТО
16,Про виділення коштів з міського бюджету на збільшення статутного капіталу КП «Міськтепловоденергія»., ЗА, УТРИМАВСЯ, УТРИМАВСЯ, ЗА, ЗА, ЗА, ЗА, ЗА, ЗА, ЗА, ЗА, НЕ ГОЛОСУВАВ, ЗА, ЗА, ЗА, УТРИМАВСЯ, УТРИМАВСЯ, ЗА, УТРИМАВСЯ, ЗА, ЗА, ЗА, УТРИМАВСЯ, НЕ ГОЛОСУВАВ, ЗА, ЗА, ЗА, ЗА, ЗА, ЗА, ЗА, ЗА, ЗА, НЕ ГОЛОСУВАВ,РІШЕННЯ ПРИЙНЯТО
17,"Про прийняття в комунальну власність міста зовнішніх мереж водопостачання та водовідведення влаштованих ЖБК «Молодіжний ХХІ», що знаходяться за адресою: вул. Маршала Харченка.", ЗА, ЗА, НЕ ГОЛОСУВАВ, ЗА, ЗА, ЗА, ЗА, ЗА, ЗА, ЗА, ЗА, ЗА, ЗА, ЗА, ЗА, ЗА, ЗА, ЗА, ЗА, ЗА, ЗА, ЗА, ЗА, ЗА, ЗА, ЗА, ЗА, ЗА, ЗА, ЗА, ЗА, ЗА, ЗА, ЗА,РІШЕННЯ ПРИЙНЯТО
18,"Про прийняття в комунальну власність міста зовнішньої каналізаційної мережі влаштованої ЖБК «Міліціонер Поділля», що знаходиться за адресою: вул. Васильєва, 5/1.", ЗА, ЗА, ЗА, ЗА, ЗА, ЗА, НЕ ГОЛОСУВАВ, ЗА, ЗА, ЗА, ЗА, ЗА, ЗА, ЗА, ЗА, ЗА, ЗА, ЗА, ЗА, ЗА, ЗА, ЗА, ЗА, ЗА, ЗА, ЗА, ЗА, ЗА, ЗА, ЗА, ЗА, ЗА, ЗА, ЗА,РІШЕННЯ ПРИЙНЯТО
19,Про внесення змін до рішення 10 сесії міської ради від 29.03.2016  № 3/10 «Про затвердження Положення про порядок надання майна територіальної громади міста Кам’янця-Подільського в оренду та користування»., ЗА, ЗА, ЗА, ЗА, ЗА, ЗА, НЕ ГОЛОСУВАВ, ЗА, ЗА, ЗА, ЗА, ЗА, ЗА, ЗА, ЗА, ЗА, ЗА, ЗА, ЗА, ЗА, ЗА, ЗА, ЗА, ЗА, ЗА, ЗА, ЗА, ЗА, ЗА, ЗА, ЗА, ЗА, ЗА, ЗА,РІШЕННЯ ПРИЙНЯТО
20,Про внесення змін до рішення 3 чергової сесії міської ради VІІ скликання від 16.12.2015 № 8/3 «Про затвердження складу конкурсної комісії з надання в оренду майна комунальної власності територіальної громади м. Кам’янця-Подільського»., ЗА, ЗА, ЗА, ЗА, ЗА, ЗА, ЗА, ЗА, ЗА, ЗА, ЗА, ЗА, ЗА, ЗА, ЗА, ЗА, ЗА, ЗА, ЗА, ЗА, ЗА, ЗА, ЗА, ЗА, ЗА, ЗА, ЗА, НЕ ГОЛОСУВАВ, ЗА, ЗА, ЗА, НЕ ГОЛОСУВАВ, ЗА, ЗА,РІШЕННЯ ПРИЙНЯТО
21,Про внесення змін до рішення 3 чергової сесії міської ради VІІ скликання від 16.12.2015 № 8/3 «Про затвердження складу конкурсної комісії з надання в оренду майна комунальної власності територіальної громади м. Кам’янця-Подільського»., НЕ ГОЛОСУВАВ, ЗА, ЗА, УТРИМАВСЯ, НЕ ГОЛОСУВАВ, НЕ ГОЛОСУВАВ, НЕ ГОЛОСУВАВ,ВІДСУТНІЙ,ВІДСУТНІЙ, НЕ ГОЛОСУВАВ, НЕ ГОЛОСУВАВ, ЗА, НЕ ГОЛОСУВАВ, НЕ ГОЛОСУВАВ,ВІДСУТНІЙ, ЗА, ЗА,ВІДСУТНІЙ, ЗА, НЕ ГОЛОСУВАВ, УТРИМАВСЯ, НЕ ГОЛОСУВАВ, ЗА, ЗА, ПРОТИ, ЗА, НЕ ГОЛОСУВАВ, ЗА, ЗА, НЕ ГОЛОСУВАВ,ВІДСУТНІЙ, ЗА, НЕ ГОЛОСУВАВ, ЗА,РІШЕННЯ НЕ ПРИЙНЯТО
22,Про внесення змін до рішення 3 чергової сесії міської ради VІІ скликання від 16.12.2015 № 8/3 «Про затвердження складу конкурсної комісії з надання в оренду майна комунальної власності територіальної громади м. Кам’янця-Подільського»., ЗА, ПРОТИ, ЗА, ЗА, ЗА, ЗА, ЗА, ЗА, ЗА, ЗА, ЗА, ЗА, ЗА, ЗА, ЗА, ПРОТИ, ПРОТИ, ЗА, ПРОТИ, ЗА, ЗА, ЗА, ПРОТИ, ЗА, ПРОТИ, ЗА, ЗА, ЗА, УТРИМАВСЯ, ЗА, ЗА, ЗА, ЗА, ПРОТИ,РІШЕННЯ ПРИЙНЯТО
23,Про внесення змін до рішення 3 чергової сесії міської ради VІІ скликання від 16.12.2015 № 8/3 «Про затвердження складу конкурсної комісії з надання в оренду майна комунальної власності територіальної громади м. Кам’янця-Подільського»., НЕ ГОЛОСУВАВ, ЗА, ЗА, ЗА, НЕ ГОЛОСУВАВ, НЕ ГОЛОСУВАВ, НЕ ГОЛОСУВАВ,ВІДСУТНІЙ,ВІДСУТНІЙ, НЕ ГОЛОСУВАВ, НЕ ГОЛОСУВАВ, ЗА, ЗА, НЕ ГОЛОСУВАВ,ВІДСУТНІЙ, ЗА, ЗА, НЕ ГОЛОСУВАВ, ЗА, НЕ ГОЛОСУВАВ, НЕ ГОЛОСУВАВ, НЕ ГОЛОСУВАВ, ЗА, ЗА, ПРОТИ, ЗА, НЕ ГОЛОСУВАВ, ЗА, ЗА, НЕ ГОЛОСУВАВ,ВІДСУТНІЙ, ЗА, НЕ ГОЛОСУВАВ, ЗА,РІШЕННЯ НЕ ПРИЙНЯТО
24,Про внесення змін до рішення 3 чергової сесії міської ради VІІ скликання від 16.12.2015 № 8/3 «Про затвердження складу конкурсної комісії з надання в оренду майна комунальної власності територіальної громади м. Кам’янця-Подільського»., НЕ ГОЛОСУВАВ, ПРОТИ, ЗА, ЗА, ЗА, ЗА, ЗА, ЗА, ЗА, ЗА, ЗА, НЕ ГОЛОСУВАВ, ЗА, ЗА, ЗА, ПРОТИ, ПРОТИ, ЗА, ПРОТИ, ЗА, ЗА, ЗА, ПРОТИ, ЗА, ЗА, ЗА, ЗА, ЗА, УТРИМАВСЯ, ЗА, ЗА, ЗА, ЗА, ПРОТИ,РІШЕННЯ ПРИЙНЯТО
25,"Про внесення змін в рішення міської ради від 09.08.2016 р. № 162/16 «Про надання згоди на прийняття з державної власності в комунальну власність міста нежитлових будівель за адресою пл. Польський ринок, 14-16».", НЕ ГОЛОСУВАВ, ЗА, ЗА, ЗА, ЗА, ЗА, ЗА, ЗА, ЗА, ЗА, ЗА, ЗА, ЗА, ЗА, ЗА, ЗА, ЗА, ЗА, ЗА, ЗА, ЗА, ЗА, ЗА, ПРОТИ, ЗА, ЗА, ЗА, ЗА, ЗА, ЗА, ЗА, ЗА, ЗА, ЗА,РІШЕННЯ ПРИЙНЯТО
26,"Про надання згоди на безкоштовне прийняття нежитлових будівель за адресою вулиця Хмельницьке шосе, 28 в комунальну власність територіальної громади міста Кам’янця-Подільського.", НЕ ГОЛОСУВАВ, ЗА, ЗА, ЗА, ЗА, ЗА, ЗА, ЗА, ЗА, ЗА, ЗА, ЗА, ЗА, ЗА, ЗА, ЗА, ЗА, ЗА, ЗА, ЗА, ЗА, ЗА, ЗА, ЗА, ЗА, ЗА, ЗА, ЗА, ЗА, ЗА, ЗА, ЗА, ЗА, ЗА,РІШЕННЯ ПРИЙНЯТО
27,Про перейменування Комунального підприємства «Інспекція з контролю за благоустроєм та санітарним станом у місті Кам’янець-Подільський» в Комунальне підприємство «Муніципальна поліція» Кам’янець-Подільської міської ради та затвердження Статуту Комунального підприємства «Муніципальна поліція» Кам’янець-Подільської міської ради., ЗА, ЗА, ЗА, ЗА, НЕ ГОЛОСУВАВ, ЗА, НЕ ГОЛОСУВАВ, НЕ ГОЛОСУВАВ, НЕ ГОЛОСУВАВ, НЕ ГОЛОСУВАВ, НЕ ГОЛОСУВАВ, ЗА, ЗА, ЗА, НЕ ГОЛОСУВАВ, ЗА, ЗА, ЗА, ЗА, НЕ ГОЛОСУВАВ, ЗА, ЗА, ЗА, ЗА, ЗА, ЗА, ЗА, ЗА, ЗА, ЗА, НЕ ГОЛОСУВАВ, ЗА, ЗА, ЗА,РІШЕННЯ ПРИЙНЯТО
28,Про перейменування Комунального підприємства «Інспекція з контролю за благоустроєм та санітарним станом у місті Кам’янець-Подільський» в Комунальне підприємство «Муніципальна поліція» Кам’янець-Подільської міської ради та затвердження Статуту Комунального підприємства «Муніципальна поліція» Кам’янець-Подільської міської ради.: зміни, ЗА, УТРИМАВСЯ, УТРИМАВСЯ, ЗА, УТРИМАВСЯ, ЗА, ЗА, УТРИМАВСЯ, УТРИМАВСЯ, НЕ ГОЛОСУВАВ, УТРИМАВСЯ, ЗА, ЗА, ЗА, НЕ ГОЛОСУВАВ, УТРИМАВСЯ, УТРИМАВСЯ, ЗА, УТРИМАВСЯ, НЕ ГОЛОСУВАВ, ЗА, ЗА, УТРИМАВСЯ, ЗА, ЗА, ЗА, ЗА, ЗА, ЗА, ЗА, НЕ ГОЛОСУВАВ, ЗА, ЗА, УТРИМАВСЯ,РІШЕННЯ ПРИЙНЯТО
29,Про перейменування Комунального підприємства «Інспекція з контролю за благоустроєм та санітарним станом у місті Кам’янець-Подільський» в Комунальне підприємство «Муніципальна поліція» Кам’янець-Подільської міської ради та затвердження Статуту Комунального підприємства «Муніципальна поліція» Кам’янець-Подільської міської ради., ЗА, ЗА, ЗА, ЗА, ЗА, ЗА, ЗА, ЗА, ЗА, ЗА, ЗА, ЗА, ЗА, ЗА, ЗА, ЗА, ЗА, ЗА, ЗА, ЗА, ЗА, НЕ ГОЛОСУВАВ, ЗА, ЗА, ЗА, ЗА, ЗА, ЗА, ЗА, НЕ ГОЛОСУВАВ, ЗА, ЗА, ЗА, ЗА,РІШЕННЯ ПРИЙНЯТО
30,Про внесення змін до рішення 23 сесії міської ради від 20.12.2016 № 24/23., ЗА, УТРИМАВСЯ, ЗА, ЗА, ЗА, ЗА, ЗА, ЗА, ЗА, ЗА, ЗА, ЗА, ЗА, ЗА, ЗА, УТРИМАВСЯ, УТРИМАВСЯ, ЗА, УТРИМАВСЯ, ЗА, ЗА, ЗА, УТРИМАВСЯ, ЗА, ЗА, ЗА, ЗА, ЗА, ЗА, ЗА, ЗА, ЗА, ЗА, УТРИМАВСЯ,РІШЕННЯ ПРИЙНЯТО
31,Про внесення змін до рішення 23 сесії міської ради від 20.12.2016  № 27/23 «Про затвердження Програми фінансування підготовки та проведення земельних торгів у формі аукціону і викупу земельних ділянок в місті Кам’янець-Подільський на 2017 рік»., ЗА, ЗА, ЗА, ЗА, ЗА, ЗА, ЗА, ЗА, ЗА, ЗА, ЗА, ЗА, ЗА, ЗА, ЗА, ЗА, ЗА, НЕ ГОЛОСУВАВ, ЗА, ЗА, ЗА, ЗА, ЗА, ЗА, ЗА, ЗА, ЗА, ЗА, ЗА, ЗА, ЗА, ЗА, ЗА, ЗА,РІШЕННЯ ПРИЙНЯТО
32,Земельні питання. № 1, ЗА, ЗА, ЗА, ЗА, НЕ ГОЛОСУВАВ, ЗА, НЕ ГОЛОСУВАВ, НЕ ГОЛОСУВАВ, НЕ ГОЛОСУВАВ, ЗА, ЗА, УТРИМАВСЯ, ЗА, ЗА, НЕ ГОЛОСУВАВ, ЗА, ЗА, НЕ ГОЛОСУВАВ, ЗА, ЗА, ЗА, ЗА, ЗА, ЗА, ЗА, ЗА, ЗА, ЗА, ЗА, ЗА, НЕ ГОЛОСУВАВ, ЗА, ЗА, ЗА,РІШЕННЯ ПРИЙНЯТО
33,Земельні питання.: № 2, УТРИМАВСЯ, ЗА, ЗА, НЕ ГОЛОСУВАВ, НЕ ГОЛОСУВАВ, НЕ ГОЛОСУВАВ, НЕ ГОЛОСУВАВ, НЕ ГОЛОСУВАВ, УТРИМАВСЯ, УТРИМАВСЯ, НЕ ГОЛОСУВАВ, ЗА, НЕ ГОЛОСУВАВ, УТРИМАВСЯ, НЕ ГОЛОСУВАВ, ЗА, ЗА, НЕ ГОЛОСУВАВ, ЗА, УТРИМАВСЯ, УТРИМАВСЯ, НЕ ГОЛОСУВАВ, ЗА, УТРИМАВСЯ, ЗА, УТРИМАВСЯ, НЕ ГОЛОСУВАВ, ЗА, ЗА, НЕ ГОЛОСУВАВ, НЕ ГОЛОСУВАВ, ЗА, НЕ ГОЛОСУВАВ, ЗА,РІШЕННЯ НЕ ПРИЙНЯТО
34,Земельні питання.  № 3, УТРИМАВСЯ, ЗА, ЗА, НЕ ГОЛОСУВАВ, НЕ ГОЛОСУВАВ, НЕ ГОЛОСУВАВ, НЕ ГОЛОСУВАВ, НЕ ГОЛОСУВАВ, НЕ ГОЛОСУВАВ, УТРИМАВСЯ, НЕ ГОЛОСУВАВ, НЕ ГОЛОСУВАВ, НЕ ГОЛОСУВАВ, УТРИМАВСЯ, НЕ ГОЛОСУВАВ, ЗА, ЗА, НЕ ГОЛОСУВАВ, ЗА, УТРИМАВСЯ, УТРИМАВСЯ, НЕ ГОЛОСУВАВ, ЗА, ЗА, УТРИМАВСЯ, УТРИМАВСЯ, НЕ ГОЛОСУВАВ, ЗА, ЗА, УТРИМАВСЯ, УТРИМАВСЯ, ЗА, НЕ ГОЛОСУВАВ, ЗА,РІШЕННЯ НЕ ПРИЙНЯТО
35,Земельні питання.   № 4-5, УТРИМАВСЯ, ЗА, ЗА, НЕ ГОЛОСУВАВ, НЕ ГОЛОСУВАВ, НЕ ГОЛОСУВАВ, НЕ ГОЛОСУВАВ, НЕ ГОЛОСУВАВ, НЕ ГОЛОСУВАВ, УТРИМАВСЯ, НЕ ГОЛОСУВАВ, ЗА, НЕ ГОЛОСУВАВ, УТРИМАВСЯ, НЕ ГОЛОСУВАВ, ЗА, ЗА, НЕ ГОЛОСУВАВ, ЗА, УТРИМАВСЯ, УТРИМАВСЯ, НЕ ГОЛОСУВАВ, ЗА, ЗА, УТРИМАВСЯ, ЗА, НЕ ГОЛОСУВАВ, ЗА, ЗА, НЕ ГОЛОСУВАВ,ВІДСУТНІЙ, ЗА, НЕ ГОЛОСУВАВ, ЗА,РІШЕННЯ НЕ ПРИЙНЯТО
36,Земельні питання.   № 6, ЗА, ЗА, ЗА, ЗА, ЗА, ЗА, ЗА, ЗА, ЗА, ЗА, ЗА, ЗА, ЗА, ЗА, ЗА, ЗА, ЗА, ЗА, ЗА, ЗА, ЗА, ЗА, ЗА, ЗА, ЗА, ЗА, ЗА, ЗА, ЗА, ЗА, ЗА, ЗА, ЗА, ЗА,РІШЕННЯ ПРИЙНЯТО
37,Земельні питання.   № 7, ЗА, ЗА, ЗА, ЗА, ЗА, ЗА, ЗА, ЗА, ЗА, ЗА, ЗА, ЗА, ЗА, ЗА, ЗА, ЗА, ЗА, ЗА, ЗА, ЗА, ЗА, ЗА, ЗА, ЗА, ЗА, ЗА, ЗА, ЗА, ЗА, ЗА, ЗА, ЗА, ЗА, ЗА,РІШЕННЯ ПРИЙНЯТО
38,Земельні питання.   № 8, ЗА, ЗА, ЗА, ЗА, ЗА, ЗА, НЕ ГОЛОСУВАВ, ЗА, ЗА, ЗА, ЗА, ЗА, ЗА, ЗА, ЗА, ЗА, ЗА, ЗА, ЗА, ЗА, ЗА, НЕ ГОЛОСУВАВ, ЗА, ЗА, ЗА, ЗА, ЗА, ЗА, ЗА, НЕ ГОЛОСУВАВ, ЗА, ЗА, ЗА, ЗА,РІШЕННЯ ПРИЙНЯТО
39,Земельні питання.   № 9-15, ЗА, ЗА, ЗА, ЗА, НЕ ГОЛОСУВАВ, ЗА, ЗА, НЕ ГОЛОСУВАВ, НЕ ГОЛОСУВАВ, ЗА, ЗА, ЗА, ЗА, ЗА, НЕ ГОЛОСУВАВ, ЗА, ЗА, ЗА, ЗА, ЗА, ЗА, ЗА, ЗА, ЗА, ЗА, ЗА, ЗА, ЗА, ЗА, ЗА, НЕ ГОЛОСУВАВ, ЗА, ЗА, ЗА,РІШЕННЯ ПРИЙНЯТО
40,"Земельні питання.   № 16, 17", УТРИМАВСЯ, УТРИМАВСЯ, УТРИМАВСЯ, ПРОТИ, НЕ ГОЛОСУВАВ, НЕ ГОЛОСУВАВ, НЕ ГОЛОСУВАВ, НЕ ГОЛОСУВАВ, НЕ ГОЛОСУВАВ, УТРИМАВСЯ, ПРОТИ, УТРИМАВСЯ, НЕ ГОЛОСУВАВ, УТРИМАВСЯ, НЕ ГОЛОСУВАВ, УТРИМАВСЯ, УТРИМАВСЯ, УТРИМАВСЯ, УТРИМАВСЯ, УТРИМАВСЯ, УТРИМАВСЯ, НЕ ГОЛОСУВАВ, УТРИМАВСЯ, УТРИМАВСЯ, ЗА, УТРИМАВСЯ, НЕ ГОЛОСУВАВ, УТРИМАВСЯ, ЗА, НЕ ГОЛОСУВАВ, НЕ ГОЛОСУВАВ, УТРИМАВСЯ, НЕ ГОЛОСУВАВ, УТРИМАВСЯ,РІШЕННЯ НЕ ПРИЙНЯТО
41,Земельні питання.    № 18, УТРИМАВСЯ, УТРИМАВСЯ, УТРИМАВСЯ, УТРИМАВСЯ, НЕ ГОЛОСУВАВ, НЕ ГОЛОСУВАВ, НЕ ГОЛОСУВАВ, УТРИМАВСЯ, НЕ ГОЛОСУВАВ, УТРИМАВСЯ, УТРИМАВСЯ, УТРИМАВСЯ, НЕ ГОЛОСУВАВ, УТРИМАВСЯ, НЕ ГОЛОСУВАВ, УТРИМАВСЯ, УТРИМАВСЯ, УТРИМАВСЯ, УТРИМАВСЯ, УТРИМАВСЯ, УТРИМАВСЯ, НЕ ГОЛОСУВАВ, УТРИМАВСЯ, УТРИМАВСЯ, УТРИМАВСЯ, УТРИМАВСЯ, НЕ ГОЛОСУВАВ, УТРИМАВСЯ, УТРИМАВСЯ, НЕ ГОЛОСУВАВ, НЕ ГОЛОСУВАВ, УТРИМАВСЯ, НЕ ГОЛОСУВАВ, УТРИМАВСЯ,РІШЕННЯ НЕ ПРИЙНЯТО
42,Земельні питання.    № 19, УТРИМАВСЯ, ЗА, УТРИМАВСЯ, УТРИМАВСЯ, НЕ ГОЛОСУВАВ, НЕ ГОЛОСУВАВ, НЕ ГОЛОСУВАВ, НЕ ГОЛОСУВАВ, НЕ ГОЛОСУВАВ, ЗА, УТРИМАВСЯ, УТРИМАВСЯ, НЕ ГОЛОСУВАВ, УТРИМАВСЯ, НЕ ГОЛОСУВАВ, ЗА, ЗА, УТРИМАВСЯ, ЗА, ЗА, УТРИМАВСЯ, НЕ ГОЛОСУВАВ, ЗА, УТРИМАВСЯ, УТРИМАВСЯ, УТРИМАВСЯ, НЕ ГОЛОСУВАВ, УТРИМАВСЯ, НЕ ГОЛОСУВАВ, НЕ ГОЛОСУВАВ, НЕ ГОЛОСУВАВ, УТРИМАВСЯ, НЕ ГОЛОСУВАВ, ЗА,РІШЕННЯ НЕ ПРИЙНЯТО
43,Земельні питання.    № 20, УТРИМАВСЯ, УТРИМАВСЯ, УТРИМАВСЯ, ЗА, НЕ ГОЛОСУВАВ, НЕ ГОЛОСУВАВ, НЕ ГОЛОСУВАВ, НЕ ГОЛОСУВАВ, НЕ ГОЛОСУВАВ, УТРИМАВСЯ, УТРИМАВСЯ, УТРИМАВСЯ, НЕ ГОЛОСУВАВ, УТРИМАВСЯ, НЕ ГОЛОСУВАВ, УТРИМАВСЯ, УТРИМАВСЯ, НЕ ГОЛОСУВАВ, УТРИМАВСЯ, УТРИМАВСЯ, УТРИМАВСЯ, НЕ ГОЛОСУВАВ, УТРИМАВСЯ, УТРИМАВСЯ, УТРИМАВСЯ, УТРИМАВСЯ, НЕ ГОЛОСУВАВ, УТРИМАВСЯ, ЗА, НЕ ГОЛОСУВАВ, НЕ ГОЛОСУВАВ, УТРИМАВСЯ, НЕ ГОЛОСУВАВ, УТРИМАВСЯ,РІШЕННЯ НЕ ПРИЙНЯТО
44,Земельні питання.   № 21-23, ЗА, ЗА, ЗА, ЗА, ЗА, ЗА, ЗА, ЗА, ЗА, ЗА, ЗА, ЗА, ЗА, ЗА, ЗА, ЗА, ЗА, ЗА, ЗА, ЗА, ЗА, ЗА, ЗА, ЗА, ЗА, ЗА, ЗА, ЗА, ЗА, ЗА, ЗА, ЗА, ЗА, ЗА,РІШЕННЯ ПРИЙНЯТО
45,Земельні питання.    № 24, ЗА, УТРИМАВСЯ, УТРИМАВСЯ, ЗА, ЗА, ЗА, НЕ ГОЛОСУВАВ, ЗА, ЗА, ЗА, ЗА, УТРИМАВСЯ, ЗА, ЗА, ЗА, УТРИМАВСЯ, УТРИМАВСЯ, ЗА, УТРИМАВСЯ, УТРИМАВСЯ, ЗА, ЗА, УТРИМАВСЯ, УТРИМАВСЯ, УТРИМАВСЯ, ЗА, ЗА, УТРИМАВСЯ, ЗА, ЗА, ЗА, ЗА, ЗА, УТРИМАВСЯ,РІШЕННЯ ПРИЙНЯТО
46,"Земельні питання.    № 25, 26", УТРИМАВСЯ, УТРИМАВСЯ, УТРИМАВСЯ, ПРОТИ, НЕ ГОЛОСУВАВ, НЕ ГОЛОСУВАВ, ЗА, УТРИМАВСЯ, НЕ ГОЛОСУВАВ, УТРИМАВСЯ, УТРИМАВСЯ, УТРИМАВСЯ, НЕ ГОЛОСУВАВ, УТРИМАВСЯ, УТРИМАВСЯ, УТРИМАВСЯ, УТРИМАВСЯ, НЕ ГОЛОСУВАВ, УТРИМАВСЯ, НЕ ГОЛОСУВАВ, УТРИМАВСЯ, НЕ ГОЛОСУВАВ, УТРИМАВСЯ, УТРИМАВСЯ, УТРИМАВСЯ, УТРИМАВСЯ, НЕ ГОЛОСУВАВ, УТРИМАВСЯ, УТРИМАВСЯ, НЕ ГОЛОСУВАВ, УТРИМАВСЯ, УТРИМАВСЯ, НЕ ГОЛОСУВАВ, УТРИМАВСЯ,РІШЕННЯ НЕ ПРИЙНЯТО
47,Земельні питання.    № 27, ЗА, ЗА, ЗА, ЗА, ЗА, ЗА, ЗА, ЗА, ЗА, ЗА, ЗА, ЗА, ЗА, ЗА, ЗА, ЗА, ЗА, ЗА, ЗА, ЗА, ЗА, ЗА, ЗА, ЗА, ЗА, ЗА, ЗА, ЗА, ЗА, ЗА, ЗА, ЗА, ЗА, ЗА,РІШЕННЯ ПРИЙНЯТО
48,Земельні питання.    № 28, УТРИМАВСЯ, ЗА, ЗА, УТРИМАВСЯ, НЕ ГОЛОСУВАВ, НЕ ГОЛОСУВАВ, НЕ ГОЛОСУВАВ, НЕ ГОЛОСУВАВ, НЕ ГОЛОСУВАВ, НЕ ГОЛОСУВАВ, НЕ ГОЛОСУВАВ, ЗА, НЕ ГОЛОСУВАВ, НЕ ГОЛОСУВАВ, НЕ ГОЛОСУВАВ, ЗА, ЗА, НЕ ГОЛОСУВАВ, УТРИМАВСЯ, НЕ ГОЛОСУВАВ, УТРИМАВСЯ, НЕ ГОЛОСУВАВ, ЗА, ЗА, УТРИМАВСЯ, ЗА, НЕ ГОЛОСУВАВ, ЗА, УТРИМАВСЯ, НЕ ГОЛОСУВАВ, НЕ ГОЛОСУВАВ, ЗА, НЕ ГОЛОСУВАВ, ЗА,РІШЕННЯ НЕ ПРИЙНЯТО
49,Земельні питання.    № 29-31, ЗА, ЗА, ЗА, ЗА, ЗА, ЗА, ЗА, ЗА, ЗА, ЗА, ЗА, ЗА, ЗА, ЗА, ЗА, ЗА, ЗА, ЗА, ЗА, ЗА, ЗА, ЗА, ЗА, ЗА, ЗА, ЗА, ЗА, ЗА, ЗА, ЗА, ЗА,ВІДСУТНІЙ, ЗА, ЗА,РІШЕННЯ ПРИЙНЯТО
50,Земельні питання.: зняти № 32, НЕ ГОЛОСУВАВ, ЗА, ЗА, ЗА, НЕ ГОЛОСУВАВ, НЕ ГОЛОСУВАВ, НЕ ГОЛОСУВАВ, НЕ ГОЛОСУВАВ, НЕ ГОЛОСУВАВ, УТРИМАВСЯ, НЕ ГОЛОСУВАВ, НЕ ГОЛОСУВАВ, НЕ ГОЛОСУВАВ, ЗА, НЕ ГОЛОСУВАВ, ЗА, ЗА, НЕ ГОЛОСУВАВ, ЗА, УТРИМАВСЯ, НЕ ГОЛОСУВАВ, ЗА, ЗА, УТРИМАВСЯ, НЕ ГОЛОСУВАВ, УТРИМАВСЯ, ЗА, ЗА, ЗА, ЗА, НЕ ГОЛОСУВАВ, УТРИМАВСЯ, ЗА, ЗА,РІШЕННЯ НЕ ПРИЙНЯТО
51,Земельні питання.   № 32, ЗА, ПРОТИ, ЗА, ЗА, ЗА, ЗА, ЗА, ЗА, ЗА, ЗА, ЗА, ЗА, ЗА, ЗА, ЗА, ПРОТИ, ПРОТИ, ЗА, ПРОТИ, НЕ ГОЛОСУВАВ, УТРИМАВСЯ, ЗА, ПРОТИ, ЗА, ЗА, УТРИМАВСЯ, ЗА, ЗА, НЕ ГОЛОСУВАВ, ЗА, ЗА, ЗА, НЕ ГОЛОСУВАВ, ПРОТИ,РІШЕННЯ ПРИЙНЯТО
52,Земельні питання.   № 33, ЗА, УТРИМАВСЯ, ЗА, ЗА, НЕ ГОЛОСУВАВ, ЗА, ЗА, НЕ ГОЛОСУВАВ, НЕ ГОЛОСУВАВ, ЗА, ЗА, ЗА, ЗА, ЗА, НЕ ГОЛОСУВАВ, УТРИМАВСЯ, УТРИМАВСЯ, ЗА, УТРИМАВСЯ, ЗА, ЗА, ЗА, УТРИМАВСЯ, ЗА, УТРИМАВСЯ, ЗА, ЗА, ЗА, ЗА, ЗА, НЕ ГОЛОСУВАВ, ЗА, ЗА, УТРИМАВСЯ,РІШЕННЯ ПРИЙНЯТО
53,Земельні питання.    № 34, НЕ ГОЛОСУВАВ, ЗА, УТРИМАВСЯ, ПРОТИ, НЕ ГОЛОСУВАВ, НЕ ГОЛОСУВАВ, НЕ ГОЛОСУВАВ, УТРИМАВСЯ, НЕ ГОЛОСУВАВ, УТРИМАВСЯ, НЕ ГОЛОСУВАВ, УТРИМАВСЯ, НЕ ГОЛОСУВАВ, УТРИМАВСЯ, НЕ ГОЛОСУВАВ, ЗА, ЗА, УТРИМАВСЯ, ЗА, УТРИМАВСЯ, НЕ ГОЛОСУВАВ, НЕ ГОЛОСУВАВ, ЗА, УТРИМАВСЯ, УТРИМАВСЯ, УТРИМАВСЯ, НЕ ГОЛОСУВАВ, УТРИМАВСЯ, УТРИМАВСЯ, НЕ ГОЛОСУВАВ, НЕ ГОЛОСУВАВ, УТРИМАВСЯ, НЕ ГОЛОСУВАВ, ЗА,РІШЕННЯ НЕ ПРИЙНЯТО
54,Земельні питання.    № 35, УТРИМАВСЯ, УТРИМАВСЯ, УТРИМАВСЯ, ПРОТИ, НЕ ГОЛОСУВАВ, НЕ ГОЛОСУВАВ, НЕ ГОЛОСУВАВ, УТРИМАВСЯ, НЕ ГОЛОСУВАВ, УТРИМАВСЯ, НЕ ГОЛОСУВАВ, УТРИМАВСЯ, НЕ ГОЛОСУВАВ, УТРИМАВСЯ, НЕ ГОЛОСУВАВ, УТРИМАВСЯ, УТРИМАВСЯ, НЕ ГОЛОСУВАВ, ЗА, УТРИМАВСЯ, УТРИМАВСЯ, НЕ ГОЛОСУВАВ, УТРИМАВСЯ, УТРИМАВСЯ, УТРИМАВСЯ, УТРИМАВСЯ, НЕ ГОЛОСУВАВ, УТРИМАВСЯ, УТРИМАВСЯ, НЕ ГОЛОСУВАВ, НЕ ГОЛОСУВАВ, УТРИМАВСЯ, НЕ ГОЛОСУВАВ, УТРИМАВСЯ,РІШЕННЯ НЕ ПРИЙНЯТО
55,Земельні питання.   № 36, УТРИМАВСЯ, ПРОТИ, УТРИМАВСЯ, ПРОТИ, НЕ ГОЛОСУВАВ, НЕ ГОЛОСУВАВ, ЗА, УТРИМАВСЯ, НЕ ГОЛОСУВАВ, УТРИМАВСЯ, НЕ ГОЛОСУВАВ, ПРОТИ, НЕ ГОЛОСУВАВ, УТРИМАВСЯ, НЕ ГОЛОСУВАВ, УТРИМАВСЯ, УТРИМАВСЯ, УТРИМАВСЯ, УТРИМАВСЯ, УТРИМАВСЯ, УТРИМАВСЯ, НЕ ГОЛОСУВАВ, ПРОТИ, УТРИМАВСЯ, УТРИМАВСЯ, УТРИМАВСЯ, НЕ ГОЛОСУВАВ, УТРИМАВСЯ, УТРИМАВСЯ, НЕ ГОЛОСУВАВ, НЕ ГОЛОСУВАВ, УТРИМАВСЯ, НЕ ГОЛОСУВАВ, УТРИМАВСЯ,РІШЕННЯ НЕ ПРИЙНЯТО
56,Земельні питання.    № 37, УТРИМАВСЯ, ЗА, УТРИМАВСЯ, ПРОТИ, НЕ ГОЛОСУВАВ, НЕ ГОЛОСУВАВ, НЕ ГОЛОСУВАВ, УТРИМАВСЯ, НЕ ГОЛОСУВАВ, ЗА, УТРИМАВСЯ, УТРИМАВСЯ, НЕ ГОЛОСУВАВ, УТРИМАВСЯ, НЕ ГОЛОСУВАВ, ЗА, ЗА, УТРИМАВСЯ, ЗА, ЗА, УТРИМАВСЯ, НЕ ГОЛОСУВАВ, ЗА, УТРИМАВСЯ, УТРИМАВСЯ, УТРИМАВСЯ, НЕ ГОЛОСУВАВ, УТРИМАВСЯ, УТРИМАВСЯ, НЕ ГОЛОСУВАВ, НЕ ГОЛОСУВАВ, УТРИМАВСЯ, НЕ ГОЛОСУВАВ, ЗА,РІШЕННЯ НЕ ПРИЙНЯТО
57,Земельні питання.    № 38, ЗА, УТРИМАВСЯ, УТРИМАВСЯ, ЗА, НЕ ГОЛОСУВАВ, НЕ ГОЛОСУВАВ, НЕ ГОЛОСУВАВ, УТРИМАВСЯ, НЕ ГОЛОСУВАВ, УТРИМАВСЯ,ВІДСУТНІЙ, УТРИМАВСЯ, ЗА, ЗА,ВІДСУТНІЙ, УТРИМАВСЯ, УТРИМАВСЯ, ЗА, УТРИМАВСЯ, УТРИМАВСЯ, ЗА, НЕ ГОЛОСУВАВ, УТРИМАВСЯ, УТРИМАВСЯ, УТРИМАВСЯ, ЗА, ПРОТИ, УТРИМАВСЯ, УТРИМАВСЯ, НЕ ГОЛОСУВАВ,ВІДСУТНІЙ, УТРИМАВСЯ, НЕ ГОЛОСУВАВ, УТРИМАВСЯ,РІШЕННЯ НЕ ПРИЙНЯТО
58,Земельні питання.    № 39, УТРИМАВСЯ, УТРИМАВСЯ, УТРИМАВСЯ, УТРИМАВСЯ, НЕ ГОЛОСУВАВ, НЕ ГОЛОСУВАВ, НЕ ГОЛОСУВАВ, УТРИМАВСЯ, НЕ ГОЛОСУВАВ, УТРИМАВСЯ, НЕ ГОЛОСУВАВ, УТРИМАВСЯ, НЕ ГОЛОСУВАВ, ЗА, НЕ ГОЛОСУВАВ, УТРИМАВСЯ, УТРИМАВСЯ, УТРИМАВСЯ, УТРИМАВСЯ, УТРИМАВСЯ, УТРИМАВСЯ, НЕ ГОЛОСУВАВ, УТРИМАВСЯ, УТРИМАВСЯ, УТРИМАВСЯ, УТРИМАВСЯ, НЕ ГОЛОСУВАВ, УТРИМАВСЯ, УТРИМАВСЯ, УТРИМАВСЯ,ВІДСУТНІЙ, УТРИМАВСЯ, НЕ ГОЛОСУВАВ, УТРИМАВСЯ,РІШЕННЯ НЕ ПРИЙНЯТО
59,Земельні питання.   № 40, УТРИМАВСЯ, ЗА, ЗА, ПРОТИ, НЕ ГОЛОСУВАВ, НЕ ГОЛОСУВАВ, НЕ ГОЛОСУВАВ, ЗА, ЗА, УТРИМАВСЯ, НЕ ГОЛОСУВАВ, ЗА, НЕ ГОЛОСУВАВ, ЗА, НЕ ГОЛОСУВАВ, ЗА, ЗА, НЕ ГОЛОСУВАВ, УТРИМАВСЯ, УТРИМАВСЯ, УТРИМАВСЯ, НЕ ГОЛОСУВАВ, ЗА, ЗА, УТРИМАВСЯ, УТРИМАВСЯ, НЕ ГОЛОСУВАВ, ЗА, УТРИМАВСЯ, НЕ ГОЛОСУВАВ,ВІДСУТНІЙ, ЗА, НЕ ГОЛОСУВАВ, ЗА,РІШЕННЯ НЕ ПРИЙНЯТО
60,Земельні питання.    № 41 - виступ заявника, ЗА, ЗА, ЗА, УТРИМАВСЯ, ЗА, НЕ ГОЛОСУВАВ, НЕ ГОЛОСУВАВ,ВІДСУТНІЙ,ВІДСУТНІЙ, НЕ ГОЛОСУВАВ, НЕ ГОЛОСУВАВ, ЗА, ЗА, ЗА,ВІДСУТНІЙ, НЕ ГОЛОСУВАВ, ЗА, НЕ ГОЛОСУВАВ, ЗА, НЕ ГОЛОСУВАВ, ЗА, НЕ ГОЛОСУВАВ, ЗА, ЗА, НЕ ГОЛОСУВАВ, ЗА, НЕ ГОЛОСУВАВ, ЗА, ЗА, ЗА,ВІДСУТНІЙ, ЗА, НЕ ГОЛОСУВАВ, НЕ ГОЛОСУВАВ,РІШЕННЯ НЕ ПРИЙНЯТО
61,Земельні питання.   Повернення до голосування за надання слова, НЕ ГОЛОСУВАВ, ЗА, ЗА, ЗА, ЗА, НЕ ГОЛОСУВАВ, НЕ ГОЛОСУВАВ,ВІДСУТНІЙ,ВІДСУТНІЙ, НЕ ГОЛОСУВАВ, ЗА, ЗА, ЗА, ЗА, ЗА, ЗА, ЗА, ЗА, ЗА, НЕ ГОЛОСУВАВ, ЗА, НЕ ГОЛОСУВАВ, ЗА, ЗА, НЕ ГОЛОСУВАВ, ЗА, ЗА, ЗА, ЗА, ЗА,ВІДСУТНІЙ, ЗА, НЕ ГОЛОСУВАВ, ЗА,РІШЕННЯ ПРИЙНЯТО
62,Земельні питання.   Надання слова Паравійчук, ЗА, ЗА, ЗА, ЗА, ЗА, ЗА, ЗА,ВІДСУТНІЙ,ВІДСУТНІЙ, НЕ ГОЛОСУВАВ, ЗА, ЗА, ЗА, ЗА, ЗА, ЗА, ЗА, ЗА, ЗА, ЗА, ЗА, ЗА, ЗА, ЗА, НЕ ГОЛОСУВАВ, ЗА, ЗА, ЗА, ЗА, ЗА,ВІДСУТНІЙ, ЗА, ЗА, ЗА,РІШЕННЯ ПРИЙНЯТО
63,"Земельні питання.    Зняти з розгляду на довивчення  № 40, 41", ЗА, ЗА, ЗА, ЗА, ЗА, ЗА, ЗА, НЕ ГОЛОСУВАВ, НЕ ГОЛОСУВАВ, ЗА, ЗА, ЗА, НЕ ГОЛОСУВАВ, НЕ ГОЛОСУВАВ, ЗА, ЗА, НЕ ГОЛОСУВАВ, ЗА, ЗА, ЗА, НЕ ГОЛОСУВАВ, ЗА, ЗА, ЗА, ЗА, ЗА, ЗА, ЗА, ЗА, ЗА, НЕ ГОЛОСУВАВ, ЗА, ЗА, ЗА,РІШЕННЯ ПРИЙНЯТО
64,Земельні питання.   № 42, УТРИМАВСЯ, ЗА, УТРИМАВСЯ, НЕ ГОЛОСУВАВ, НЕ ГОЛОСУВАВ, НЕ ГОЛОСУВАВ, НЕ ГОЛОСУВАВ, УТРИМАВСЯ, НЕ ГОЛОСУВАВ, УТРИМАВСЯ, УТРИМАВСЯ, УТРИМАВСЯ, НЕ ГОЛОСУВАВ, УТРИМАВСЯ,ВІДСУТНІЙ, ЗА, НЕ ГОЛОСУВАВ, НЕ ГОЛОСУВАВ, ЗА, УТРИМАВСЯ, НЕ ГОЛОСУВАВ, НЕ ГОЛОСУВАВ, ЗА, УТРИМАВСЯ, УТРИМАВСЯ, УТРИМАВСЯ, ЗА, УТРИМАВСЯ, УТРИМАВСЯ, НЕ ГОЛОСУВАВ,ВІДСУТНІЙ, УТРИМАВСЯ, НЕ ГОЛОСУВАВ, ЗА,РІШЕННЯ НЕ ПРИЙНЯТО
65,Земельні питання.    № 43, УТРИМАВСЯ, УТРИМАВСЯ, УТРИМАВСЯ, НЕ ГОЛОСУВАВ, НЕ ГОЛОСУВАВ, НЕ ГОЛОСУВАВ, НЕ ГОЛОСУВАВ, НЕ ГОЛОСУВАВ, НЕ ГОЛОСУВАВ, УТРИМАВСЯ, НЕ ГОЛОСУВАВ, УТРИМАВСЯ, НЕ ГОЛОСУВАВ, УТРИМАВСЯ,ВІДСУТНІЙ, УТРИМАВСЯ, НЕ ГОЛОСУВАВ, НЕ ГОЛОСУВАВ, УТРИМАВСЯ, УТРИМАВСЯ, УТРИМАВСЯ, НЕ ГОЛОСУВАВ, УТРИМАВСЯ, ЗА, НЕ ГОЛОСУВАВ, УТРИМАВСЯ, УТРИМАВСЯ, ЗА, УТРИМАВСЯ, НЕ ГОЛОСУВАВ,ВІДСУТНІЙ, ЗА, НЕ ГОЛОСУВАВ, УТРИМАВСЯ,РІШЕННЯ НЕ ПРИЙНЯТО
66,Земельні питання.    № 44, УТРИМАВСЯ, УТРИМАВСЯ, УТРИМАВСЯ, НЕ ГОЛОСУВАВ, НЕ ГОЛОСУВАВ, НЕ ГОЛОСУВАВ, НЕ ГОЛОСУВАВ, НЕ ГОЛОСУВАВ, НЕ ГОЛОСУВАВ, УТРИМАВСЯ, НЕ ГОЛОСУВАВ, УТРИМАВСЯ, НЕ ГОЛОСУВАВ, УТРИМАВСЯ,ВІДСУТНІЙ, УТРИМАВСЯ, НЕ ГОЛОСУВАВ, УТРИМАВСЯ, УТРИМАВСЯ, УТРИМАВСЯ, УТРИМАВСЯ, НЕ ГОЛОСУВАВ, УТРИМАВСЯ, УТРИМАВСЯ, НЕ ГОЛОСУВАВ, УТРИМАВСЯ, НЕ ГОЛОСУВАВ, ЗА, УТРИМАВСЯ, НЕ ГОЛОСУВАВ,ВІДСУТНІЙ, ЗА, НЕ ГОЛОСУВАВ, УТРИМАВСЯ,РІШЕННЯ НЕ ПРИЙНЯТО
67,Земельні питання.    № 45, УТРИМАВСЯ, УТРИМАВСЯ, УТРИМАВСЯ, НЕ ГОЛОСУВАВ, НЕ ГОЛОСУВАВ, НЕ ГОЛОСУВАВ, НЕ ГОЛОСУВАВ, УТРИМАВСЯ, НЕ ГОЛОСУВАВ, УТРИМАВСЯ, НЕ ГОЛОСУВАВ, УТРИМАВСЯ, НЕ ГОЛОСУВАВ, УТРИМАВСЯ,ВІДСУТНІЙ, УТРИМАВСЯ, НЕ ГОЛОСУВАВ, УТРИМАВСЯ, УТРИМАВСЯ, УТРИМАВСЯ, УТРИМАВСЯ, НЕ ГОЛОСУВАВ, УТРИМАВСЯ, УТРИМАВСЯ, УТРИМАВСЯ, УТРИМАВСЯ, НЕ ГОЛОСУВАВ, ЗА, УТРИМАВСЯ, НЕ ГОЛОСУВАВ,ВІДСУТНІЙ, ЗА, НЕ ГОЛОСУВАВ, УТРИМАВСЯ,РІШЕННЯ НЕ ПРИЙНЯТО
68,Земельні питання.    № 46, УТРИМАВСЯ, УТРИМАВСЯ, УТРИМАВСЯ, НЕ ГОЛОСУВАВ, НЕ ГОЛОСУВАВ, НЕ ГОЛОСУВАВ, НЕ ГОЛОСУВАВ, УТРИМАВСЯ, НЕ ГОЛОСУВАВ, УТРИМАВСЯ, НЕ ГОЛОСУВАВ, УТРИМАВСЯ, НЕ ГОЛОСУВАВ, УТРИМАВСЯ,ВІДСУТНІЙ, УТРИМАВСЯ, НЕ ГОЛОСУВАВ, УТРИМАВСЯ, УТРИМАВСЯ, УТРИМАВСЯ, УТРИМАВСЯ, НЕ ГОЛОСУВАВ, УТРИМАВСЯ, УТРИМАВСЯ, НЕ ГОЛОСУВАВ, УТРИМАВСЯ, НЕ ГОЛОСУВАВ, ЗА, УТРИМАВСЯ, НЕ ГОЛОСУВАВ,ВІДСУТНІЙ, ЗА, НЕ ГОЛОСУВАВ, УТРИМАВСЯ,РІШЕННЯ НЕ ПРИЙНЯТО
69,Земельні питання.    № 47, УТРИМАВСЯ, УТРИМАВСЯ, УТРИМАВСЯ, НЕ ГОЛОСУВАВ, НЕ ГОЛОСУВАВ, НЕ ГОЛОСУВАВ, НЕ ГОЛОСУВАВ, НЕ ГОЛОСУВАВ, НЕ ГОЛОСУВАВ, УТРИМАВСЯ, НЕ ГОЛОСУВАВ, УТРИМАВСЯ, НЕ ГОЛОСУВАВ, УТРИМАВСЯ,ВІДСУТНІЙ, УТРИМАВСЯ, НЕ ГОЛОСУВАВ, УТРИМАВСЯ, УТРИМАВСЯ, УТРИМАВСЯ, УТРИМАВСЯ, НЕ ГОЛОСУВАВ, УТРИМАВСЯ, ЗА, НЕ ГОЛОСУВАВ, НЕ ГОЛОСУВАВ, НЕ ГОЛОСУВАВ, ЗА, УТРИМАВСЯ, НЕ ГОЛОСУВАВ,ВІДСУТНІЙ, ЗА, НЕ ГОЛОСУВАВ, УТРИМАВСЯ,РІШЕННЯ НЕ ПРИЙНЯТО
70,Земельні питання.    № 48, ЗА, ЗА, ЗА, ЗА, ЗА, ЗА, НЕ ГОЛОСУВАВ, ЗА, ЗА, ЗА, ЗА, ЗА, НЕ ГОЛОСУВАВ, ЗА, ЗА, ЗА, НЕ ГОЛОСУВАВ, ЗА, ЗА, ЗА, ЗА, ЗА, ЗА, ЗА, ЗА, УТРИМАВСЯ, ЗА, ЗА, ЗА, ЗА, ЗА, ЗА, НЕ ГОЛОСУВАВ, ЗА,РІШЕННЯ ПРИЙНЯТО
71,Земельні питання.    № 49, УТРИМАВСЯ, ЗА, УТРИМАВСЯ, ПРОТИ, НЕ ГОЛОСУВАВ, НЕ ГОЛОСУВАВ, НЕ ГОЛОСУВАВ, НЕ ГОЛОСУВАВ, НЕ ГОЛОСУВАВ, НЕ ГОЛОСУВАВ, НЕ ГОЛОСУВАВ, УТРИМАВСЯ, НЕ ГОЛОСУВАВ, УТРИМАВСЯ, НЕ ГОЛОСУВАВ, ЗА, ЗА, НЕ ГОЛОСУВАВ, УТРИМАВСЯ, УТРИМАВСЯ, УТРИМАВСЯ, НЕ ГОЛОСУВАВ, ЗА, УТРИМАВСЯ, УТРИМАВСЯ, УТРИМАВСЯ, НЕ ГОЛОСУВАВ, УТРИМАВСЯ, УТРИМАВСЯ, УТРИМАВСЯ, НЕ ГОЛОСУВАВ, УТРИМАВСЯ, НЕ ГОЛОСУВАВ, ЗА,РІШЕННЯ НЕ ПРИЙНЯТО
72,Земельні питання.   № 50, ЗА, ЗА, ЗА, ЗА, ЗА, ЗА, ЗА, ЗА, ЗА, ЗА, ЗА, ЗА, НЕ ГОЛОСУВАВ, ЗА, ЗА, ЗА, ЗА, ЗА, ЗА, ЗА, ЗА, ЗА, ЗА, ЗА, ЗА, ЗА, ЗА, ЗА, ЗА, ЗА, ЗА, ЗА, ЗА, ЗА,РІШЕННЯ ПРИЙНЯТО
73,Земельні питання.    № 51, ЗА, ЗА, ЗА, ЗА, ЗА, ЗА, ЗА, ЗА, ЗА, ЗА, ЗА, НЕ ГОЛОСУВАВ, ЗА, ЗА, ЗА, ЗА, ЗА, ЗА, ЗА, НЕ ГОЛОСУВАВ, ЗА, ЗА, ЗА, ЗА, ЗА, ЗА, ЗА, ЗА, ЗА, ЗА, ЗА, ЗА, ЗА, ЗА,РІШЕННЯ ПРИЙНЯТО
74,Земельні питання.   № 52, ЗА, ЗА, ЗА, ЗА, ЗА, ЗА, ЗА, ЗА, ЗА, ЗА, ЗА, НЕ ГОЛОСУВАВ, ЗА, ЗА, ЗА, ЗА, ЗА, ЗА, ЗА, ЗА, ЗА, ЗА, ЗА, ЗА, ЗА, ЗА, ЗА, ЗА, ЗА, ЗА, ЗА, ЗА, ЗА, ЗА,РІШЕННЯ ПРИЙНЯТО
75,Земельні питання.    № 53, ЗА, ЗА, ЗА, ЗА, ЗА, ЗА, ЗА, ЗА, ЗА, ЗА, ЗА, ЗА, ЗА, ЗА, ЗА, ЗА, ЗА, ЗА, ЗА, ЗА, ЗА, ЗА, ЗА, ЗА, ЗА, ЗА, ЗА, ЗА, ЗА, ЗА, ЗА, ЗА, ЗА, ЗА,РІШЕННЯ ПРИЙНЯТО
76,Земельні питання.    № 54, ЗА, ЗА, ЗА, ЗА, ЗА, ЗА, ЗА, ЗА, ЗА, ЗА, ЗА, НЕ ГОЛОСУВАВ, ЗА, ЗА, ЗА, ЗА, ЗА, ЗА, ЗА, ЗА, ЗА, ЗА, ЗА, ЗА, ЗА, ЗА, ЗА, ЗА, ЗА, ЗА, ЗА, ЗА, ЗА, ЗА,РІШЕННЯ ПРИЙНЯТО
77,Земельні питання.    № 55, ЗА, ЗА, ЗА, ЗА, ЗА, ЗА, НЕ ГОЛОСУВАВ, ЗА, ЗА, ЗА, ЗА, ЗА, ЗА, ЗА, ЗА, ЗА, ЗА, ЗА, ЗА, ЗА, ЗА, ЗА, ЗА, ЗА, ЗА, НЕ ГОЛОСУВАВ, ЗА, ЗА, УТРИМАВСЯ, ЗА, ЗА, ЗА, ЗА, ЗА,РІШЕННЯ ПРИЙНЯТО
78,Земельні питання.   № 56, ЗА, ЗА, ЗА, ЗА, ЗА, ЗА, НЕ ГОЛОСУВАВ, ЗА, ЗА, ЗА, ЗА, ЗА, ЗА, ЗА, ЗА, ЗА, ЗА, ЗА, ЗА, ЗА, ЗА, ЗА, ЗА, ЗА, ЗА, УТРИМАВСЯ, ЗА, ЗА, УТРИМАВСЯ, ЗА, ЗА, ЗА, ЗА, ЗА,РІШЕННЯ ПРИЙНЯТО
79,Земельні питання.    № 57, ЗА, ЗА, ЗА, ЗА, ЗА, ЗА, ЗА, ЗА, ЗА, ЗА, ЗА, ЗА, ЗА, ЗА, ЗА, ЗА, ЗА, ЗА, ЗА, ЗА, ЗА, ЗА, ЗА, ЗА, ЗА, УТРИМАВСЯ, ЗА, ЗА, УТРИМАВСЯ, ЗА, ЗА, ЗА, НЕ ГОЛОСУВАВ, ЗА,РІШЕННЯ ПРИЙНЯТО
80,Земельні питання.    № 58, ЗА, ЗА, ЗА, ЗА,ВІДСУТНІЙ, ЗА, НЕ ГОЛОСУВАВ, ЗА, ЗА, ЗА, ЗА, ЗА, ЗА, ЗА, ЗА, ЗА, ЗА, ЗА, ЗА, ЗА, ЗА, ЗА, ЗА, ЗА, ЗА, НЕ ГОЛОСУВАВ, ЗА, ЗА, ЗА, ЗА, ЗА, ЗА, НЕ ГОЛОСУВАВ, ЗА,РІШЕННЯ ПРИЙНЯТО
81,Земельні питання.   № 59, УТРИМАВСЯ, ЗА, ЗА, УТРИМАВСЯ,ВІДСУТНІЙ, НЕ ГОЛОСУВАВ, НЕ ГОЛОСУВАВ,ВІДСУТНІЙ,ВІДСУТНІЙ, УТРИМАВСЯ, НЕ ГОЛОСУВАВ, ЗА, НЕ ГОЛОСУВАВ, УТРИМАВСЯ,ВІДСУТНІЙ, ЗА, ЗА, НЕ ГОЛОСУВАВ, ЗА, УТРИМАВСЯ, УТРИМАВСЯ, УТРИМАВСЯ, ЗА, ЗА, УТРИМАВСЯ, ЗА, НЕ ГОЛОСУВАВ, ЗА, ЗА, НЕ ГОЛОСУВАВ,ВІДСУТНІЙ, ЗА, НЕ ГОЛОСУВАВ, ЗА,РІШЕННЯ НЕ ПРИЙНЯТО
82,Земельні питання.   № 60, ЗА, ЗА, ЗА, ЗА, ЗА, ЗА, НЕ ГОЛОСУВАВ, ЗА, ЗА, ЗА, ЗА, ЗА, ЗА, ЗА, ЗА, ЗА, ЗА, ЗА, ЗА, ЗА, ЗА, ЗА, ЗА, ЗА, ЗА, УТРИМАВСЯ, ЗА, ЗА, ЗА, ЗА, ЗА, ЗА, ЗА, ЗА,РІШЕННЯ ПРИЙНЯТО
83,Земельні питання.   № 61, ЗА, ЗА, УТРИМАВСЯ, ЗА, ЗА, ЗА, НЕ ГОЛОСУВАВ, НЕ ГОЛОСУВАВ, НЕ ГОЛОСУВАВ, ЗА, ЗА, УТРИМАВСЯ, ЗА, ЗА, ЗА, УТРИМАВСЯ, УТРИМАВСЯ, ЗА, ЗА, ЗА, ЗА, ЗА, УТРИМАВСЯ, УТРИМАВСЯ, ЗА, НЕ ГОЛОСУВАВ, ЗА, УТРИМАВСЯ, ЗА, ЗА, ЗА, ЗА, НЕ ГОЛОСУВАВ, УТРИМАВСЯ,РІШЕННЯ ПРИЙНЯТО
84,Земельні питання.    № 62, УТРИМАВСЯ, УТРИМАВСЯ, ЗА, УТРИМАВСЯ, НЕ ГОЛОСУВАВ, НЕ ГОЛОСУВАВ, ЗА, НЕ ГОЛОСУВАВ, НЕ ГОЛОСУВАВ, УТРИМАВСЯ, УТРИМАВСЯ, ЗА, НЕ ГОЛОСУВАВ, УТРИМАВСЯ, НЕ ГОЛОСУВАВ, УТРИМАВСЯ, УТРИМАВСЯ, НЕ ГОЛОСУВАВ, УТРИМАВСЯ, УТРИМАВСЯ, УТРИМАВСЯ, НЕ ГОЛОСУВАВ, УТРИМАВСЯ, ЗА, УТРИМАВСЯ, УТРИМАВСЯ, НЕ ГОЛОСУВАВ, ЗА, УТРИМАВСЯ, НЕ ГОЛОСУВАВ, НЕ ГОЛОСУВАВ, ЗА, НЕ ГОЛОСУВАВ, УТРИМАВСЯ,РІШЕННЯ НЕ ПРИЙНЯТО
85,Земельні питання.    № 63, ЗА, ЗА, ЗА, ЗА, ЗА, ЗА, ЗА, ЗА, ЗА, ЗА, ЗА, ЗА, ЗА, ЗА, ЗА, ЗА, ЗА, ЗА, ЗА, ЗА, ЗА, ЗА, ЗА, ЗА, ЗА, ЗА, ЗА, ЗА, ЗА, ЗА, ЗА, ЗА, ЗА, ЗА,РІШЕННЯ ПРИЙНЯТО
86,"Земельні питання.     № 65, 66", ЗА, ЗА, ЗА, ЗА, НЕ ГОЛОСУВАВ, ЗА, ЗА, НЕ ГОЛОСУВАВ, НЕ ГОЛОСУВАВ, ЗА, ЗА, ЗА, ЗА, ЗА, НЕ ГОЛОСУВАВ, ЗА, ЗА, ЗА, ЗА, ЗА, ЗА, ЗА, ЗА, ЗА, УТРИМАВСЯ, ЗА, ЗА, ЗА, ЗА, ЗА, НЕ ГОЛОСУВАВ, ЗА, ЗА, ЗА,РІШЕННЯ ПРИЙНЯТО
87,Земельні питання.    № 67, ЗА, ЗА, ЗА, ЗА, ЗА, ЗА, ЗА, ЗА, ЗА, ЗА, ЗА, ЗА, ЗА, ЗА, ЗА, ЗА, ЗА, ЗА, ЗА, ЗА, ЗА, ЗА, ЗА, ЗА, ЗА, ЗА, ЗА, ЗА, ЗА, ЗА, ЗА, ЗА, ЗА, ЗА,РІШЕННЯ ПРИЙНЯТО
88,Земельні питання.    № 68, ЗА, ЗА, ЗА, ЗА, ЗА, ЗА, НЕ ГОЛОСУВАВ, ЗА, ЗА, ЗА, ЗА, НЕ ГОЛОСУВАВ, ЗА, ЗА, ЗА, ЗА, ЗА, ЗА, ЗА, ЗА, ЗА, ЗА, ЗА, ЗА, ЗА, ЗА, ЗА, НЕ ГОЛОСУВАВ, ЗА, ЗА, ЗА, ЗА, ЗА, ЗА,РІШЕННЯ ПРИЙНЯТО
89,Земельні питання.    № 70, ЗА, УТРИМАВСЯ, УТРИМАВСЯ, ЗА, НЕ ГОЛОСУВАВ, ЗА, НЕ ГОЛОСУВАВ, УТРИМАВСЯ, УТРИМАВСЯ, УТРИМАВСЯ, НЕ ГОЛОСУВАВ, НЕ ГОЛОСУВАВ, ЗА, ЗА,ВІДСУТНІЙ, УТРИМАВСЯ, УТРИМАВСЯ, ЗА, УТРИМАВСЯ, УТРИМАВСЯ, НЕ ГОЛОСУВАВ, ЗА, УТРИМАВСЯ, УТРИМАВСЯ, ЗА, ЗА, ЗА, НЕ ГОЛОСУВАВ, УТРИМАВСЯ, ЗА,ВІДСУТНІЙ, ЗА, НЕ ГОЛОСУВАВ, УТРИМАВСЯ,РІШЕННЯ НЕ ПРИЙНЯТО
90,Земельні питання.   № 71, ЗА, УТРИМАВСЯ, УТРИМАВСЯ, ЗА, НЕ ГОЛОСУВАВ, ЗА, ЗА, УТРИМАВСЯ, УТРИМАВСЯ, ЗА, ЗА, НЕ ГОЛОСУВАВ, ЗА, ЗА,ВІДСУТНІЙ, УТРИМАВСЯ, УТРИМАВСЯ, ЗА, УТРИМАВСЯ, ЗА, ЗА, ЗА, ЗА, УТРИМАВСЯ, ЗА, ЗА, ЗА, НЕ ГОЛОСУВАВ, УТРИМАВСЯ, ЗА, НЕ ГОЛОСУВАВ, УТРИМАВСЯ, НЕ ГОЛОСУВАВ, УТРИМАВСЯ,РІШЕННЯ НЕ ПРИЙНЯТО
91,Земельні питання.   Повернення до розгляду, ЗА, ЗА, ЗА, ЗА, НЕ ГОЛОСУВАВ, ЗА, ЗА, НЕ ГОЛОСУВАВ, НЕ ГОЛОСУВАВ, ЗА, ЗА, ЗА, ЗА, ЗА,ВІДСУТНІЙ, ЗА, ЗА, ЗА, ЗА, ЗА, ЗА, ЗА, ЗА, ЗА, ЗА, ЗА, ЗА, ЗА, ЗА, ЗА,ВІДСУТНІЙ, ЗА, ЗА, ЗА,РІШЕННЯ ПРИЙНЯТО
92,Земельні питання.    № 71, ЗА, ЗА, ЗА, ЗА, НЕ ГОЛОСУВАВ, ЗА, ЗА, НЕ ГОЛОСУВАВ, НЕ ГОЛОСУВАВ, ЗА, ЗА, ЗА, ЗА, ЗА,ВІДСУТНІЙ, ЗА, ЗА, ЗА, ЗА, ЗА, ЗА, ЗА, ЗА, ЗА, ЗА, ЗА, ЗА, ЗА, ЗА, ЗА,ВІДСУТНІЙ, ЗА, ЗА, ЗА,РІШЕННЯ ПРИЙНЯТО
93,Земельні питання.   № 72, ЗА, УТРИМАВСЯ, ЗА, ЗА, ЗА, ЗА, НЕ ГОЛОСУВАВ, НЕ ГОЛОСУВАВ, ЗА, ЗА, ЗА, ЗА, ЗА, ЗА, НЕ ГОЛОСУВАВ, УТРИМАВСЯ, УТРИМАВСЯ, ЗА, УТРИМАВСЯ, ЗА, ЗА, ЗА, УТРИМАВСЯ,ВІДСУТНІЙ, ЗА, ЗА, ЗА, ЗА, ЗА, ЗА, ЗА, ЗА, ЗА, УТРИМАВСЯ,РІШЕННЯ ПРИЙНЯТО
94,Земельні питання.    № 73, ЗА, УТРИМАВСЯ, НЕ ГОЛОСУВАВ, НЕ ГОЛОСУВАВ, ЗА, ЗА,ВІДСУТНІЙ, ЗА, НЕ ГОЛОСУВАВ, ЗА, ЗА, НЕ ГОЛОСУВАВ, ЗА, ЗА, ЗА, УТРИМАВСЯ, УТРИМАВСЯ, ЗА, УТРИМАВСЯ, ЗА, ЗА, ЗА, УТРИМАВСЯ, ЗА, ЗА, ЗА, ЗА, ЗА, ЗА, ЗА, ЗА, ЗА, ЗА, УТРИМАВСЯ,РІШЕННЯ ПРИЙНЯТО
95,Земельні питання.    № 74, ЗА, ЗА, ЗА, ЗА, ЗА, ЗА,ВІДСУТНІЙ, ЗА, ЗА, ЗА, ЗА, НЕ ГОЛОСУВАВ, ЗА, ЗА, ЗА, ЗА, ЗА, ЗА, ЗА, ЗА, ЗА, ЗА, ЗА, ЗА, ЗА, НЕ ГОЛОСУВАВ, ЗА, ЗА, УТРИМАВСЯ, ЗА, ЗА, ЗА, ЗА, ЗА,РІШЕННЯ ПРИЙНЯТО
96,Земельні питання.    № 75, НЕ ГОЛОСУВАВ, ЗА, ЗА, УТРИМАВСЯ, НЕ ГОЛОСУВАВ, НЕ ГОЛОСУВАВ, НЕ ГОЛОСУВАВ, УТРИМАВСЯ, НЕ ГОЛОСУВАВ, УТРИМАВСЯ, ПРОТИ, ЗА, НЕ ГОЛОСУВАВ, УТРИМАВСЯ, НЕ ГОЛОСУВАВ, ЗА, ЗА, НЕ ГОЛОСУВАВ, ЗА, НЕ ГОЛОСУВАВ, УТРИМАВСЯ, НЕ ГОЛОСУВАВ, ЗА, ЗА, УТРИМАВСЯ, ЗА, НЕ ГОЛОСУВАВ, ЗА, ЗА, НЕ ГОЛОСУВАВ, НЕ ГОЛОСУВАВ, ЗА, НЕ ГОЛОСУВАВ, ЗА,РІШЕННЯ НЕ ПРИЙНЯТО
97,Земельні питання.   № 76-83, НЕ ГОЛОСУВАВ, ЗА, ЗА, ЗА, ЗА, ЗА,ВІДСУТНІЙ, ЗА, ЗА, ЗА, ЗА, ЗА, ЗА, ЗА, ЗА, ЗА, ЗА, ЗА, ЗА, ЗА, ЗА, ЗА, ЗА, ЗА, ЗА, ЗА, ЗА, ЗА, ЗА, ЗА, ЗА, ЗА, ЗА, ЗА,РІШЕННЯ ПРИЙНЯТО
98,Земельні питання.     № 84, НЕ ГОЛОСУВАВ, УТРИМАВСЯ, УТРИМАВСЯ, УТРИМАВСЯ, ЗА, НЕ ГОЛОСУВАВ, НЕ ГОЛОСУВАВ, ЗА, ЗА, УТРИМАВСЯ, НЕ ГОЛОСУВАВ, УТРИМАВСЯ, НЕ ГОЛОСУВАВ, ПРОТИ, ЗА, УТРИМАВСЯ, УТРИМАВСЯ, НЕ ГОЛОСУВАВ, УТРИМАВСЯ, УТРИМАВСЯ, УТРИМАВСЯ, НЕ ГОЛОСУВАВ, УТРИМАВСЯ, УТРИМАВСЯ, УТРИМАВСЯ, УТРИМАВСЯ, НЕ ГОЛОСУВАВ, УТРИМАВСЯ, УТРИМАВСЯ, НЕ ГОЛОСУВАВ, НЕ ГОЛОСУВАВ, УТРИМАВСЯ, НЕ ГОЛОСУВАВ, УТРИМАВСЯ,РІШЕННЯ НЕ ПРИЙНЯТО
99,"Про проведення експертної грошової оцінки земельної ділянки несільськогосподарського призначення за адресою вулиця Нігинське шосе, 2; вулиця Маршала Харченка, 22б; вулиця Першотравнева, 6""б"".", ЗА, ЗА, ЗА, ЗА, ЗА, ЗА,ВІДСУТНІЙ, ЗА, ЗА, ЗА, ЗА, ЗА, ЗА,ВІДСУТНІЙ, ЗА, ЗА, ЗА, ЗА, ЗА, ЗА, ЗА, ЗА, ЗА, ЗА, ЗА, ЗА, ЗА, ЗА, ЗА, ЗА, ЗА, ЗА, ЗА, ЗА,РІШЕННЯ ПРИЙНЯТО
100,Оголосити перерву, ЗА, ПРОТИ, НЕ ГОЛОСУВАВ, ЗА, ЗА, НЕ ГОЛОСУВАВ,ВІДСУТНІЙ, ЗА, ЗА, ЗА, ЗА, НЕ ГОЛОСУВАВ, ЗА, ПРОТИ, ЗА, ПРОТИ, ПРОТИ, ЗА, ЗА, ЗА, ЗА, НЕ ГОЛОСУВАВ, ПРОТИ, НЕ ГОЛОСУВАВ, ЗА, ЗА, НЕ ГОЛОСУВАВ, НЕ ГОЛОСУВАВ, НЕ ГОЛОСУВАВ, ЗА, ЗА, УТРИМАВСЯ, НЕ ГОЛОСУВАВ, ПРОТИ,РІШЕННЯ НЕ ПРИЙНЯТО
101,Звіт КП “Добробут” про фінансово-господарську діяльність у 2016 році., ЗА, УТРИМАВСЯ, НЕ ГОЛОСУВАВ, ЗА, ЗА, ЗА,ВІДСУТНІЙ, ЗА, НЕ ГОЛОСУВАВ, ЗА, ЗА, ЗА, ЗА, НЕ ГОЛОСУВАВ, ЗА, УТРИМАВСЯ, УТРИМАВСЯ, ЗА, ЗА, ЗА, ЗА, ЗА, УТРИМАВСЯ, ЗА, ЗА, ЗА, ЗА, ЗА, ЗА, ЗА, ЗА, ЗА,ВІДСУТНІЙ, УТРИМАВСЯ,РІШЕННЯ ПРИЙНЯТО
102,Звіт КП «Житловик» про фінансово-господарську діяльність у 2016 році., ЗА, УТРИМАВСЯ, НЕ ГОЛОСУВАВ, ЗА, ЗА, ЗА,ВІДСУТНІЙ, ЗА, ЗА, ЗА, ЗА, ЗА, ЗА, ЗА, ЗА, УТРИМАВСЯ, УТРИМАВСЯ, ЗА, УТРИМАВСЯ, ЗА, ЗА, ЗА, УТРИМАВСЯ, ЗА, ЗА, ЗА, ЗА, ЗА, ЗА, ЗА, ЗА, ЗА,ВІДСУТНІЙ, УТРИМАВСЯ,РІШЕННЯ ПРИЙНЯТО
103,Про внесення змін до програми розвитку фізичної культури і спорту в місті на 2017-2021 рр., ЗА, ЗА, НЕ ГОЛОСУВАВ, НЕ ГОЛОСУВАВ, ЗА, ЗА,ВІДСУТНІЙ, ЗА, ЗА, ЗА, ЗА, ЗА, ЗА, ЗА, ЗА, ЗА, ЗА, ЗА, ЗА, ЗА, ЗА, ЗА, ЗА, ЗА, ЗА, ЗА, ЗА, ЗА, ЗА, ЗА, ЗА, ЗА,ВІДСУТНІЙ, ЗА,РІШЕННЯ ПРИЙНЯТО
104,Про затвердження Статуту Об’єднання підліткових клубів за місцем проживання Кам’янець-Подільської міської ради в новій редакції., ЗА, ЗА, НЕ ГОЛОСУВАВ, НЕ ГОЛОСУВАВ, ЗА, ЗА,ВІДСУТНІЙ, ЗА, ЗА, ЗА, ЗА, ЗА, ЗА, ЗА, ЗА, ЗА, ЗА, ЗА, ЗА, ЗА, ЗА, ЗА, ЗА, ЗА, ЗА, ЗА, ЗА, ЗА, ЗА, ЗА, ЗА, ЗА,ВІДСУТНІЙ, ЗА,РІШЕННЯ ПРИЙНЯТО
105,"Про звернення до Верховної Ради України та Кабінету Міністрів України щодо передбачення видатків на збільшення освітньої та медичної субвенції місцевим бюджетам, забезпечення безоплатного перевезення пасажирів пільгових категорій населення.", ЗА, ЗА, ЗА, ЗА, ЗА, ЗА,ВІДСУТНІЙ, ЗА, ЗА, ЗА, ЗА, ЗА, ЗА, ЗА, ЗА, ЗА, ЗА, ЗА, ЗА, ЗА, ЗА, ЗА, ЗА, ЗА, ЗА, ЗА, ЗА, ЗА, ЗА, ЗА, ЗА, ЗА,ВІДСУТНІЙ, ЗА,РІШЕННЯ ПРИЙНЯТО
106,"Про звернення до Президента України, Верховної Ради України, Кабінету Міністрів України, Служби безпеки України, Міністерства внутрішніх справ України, Міністерства оборони України з вимогою невідкладно вжити заходи із нейтралізації загроз енергетичній безпеці України та посилення захисту критичної інфраструктури", ЗА, УТРИМАВСЯ, НЕ ГОЛОСУВАВ, ЗА,ВІДСУТНІЙ, ЗА,ВІДСУТНІЙ, УТРИМАВСЯ, УТРИМАВСЯ, НЕ ГОЛОСУВАВ, ЗА, ЗА, ЗА, ЗА,ВІДСУТНІЙ, УТРИМАВСЯ, УТРИМАВСЯ, ЗА, УТРИМАВСЯ, НЕ ГОЛОСУВАВ, ЗА, ЗА, УТРИМАВСЯ, ЗА, ЗА, ЗА, ЗА, ЗА, ЗА, ЗА,ВІДСУТНІЙ, ЗА,ВІДСУТНІЙ, УТРИМАВСЯ,РІШЕННЯ НЕ ПРИЙНЯТО
107,"Про звернення до Президента України, Верховної Ради України, Кабінету Міністрів України, Служби безпеки України, Міністерства внутрішніх справ України, Міністерства оборони України з вимогою невідкладно вжити заходи із нейтралізації загроз енергетичній безпеці України та посилення захисту критичної інфраструктури      повернення до розгляду", ЗА, УТРИМАВСЯ, НЕ ГОЛОСУВАВ, ЗА,ВІДСУТНІЙ, ЗА,ВІДСУТНІЙ, УТРИМАВСЯ, НЕ ГОЛОСУВАВ, НЕ ГОЛОСУВАВ, ЗА, НЕ ГОЛОСУВАВ, ЗА, ЗА,ВІДСУТНІЙ, УТРИМАВСЯ, УТРИМАВСЯ, ЗА, УТРИМАВСЯ, НЕ ГОЛОСУВАВ, ЗА, ЗА, УТРИМАВСЯ, ЗА, ЗА, ЗА, ЗА, ЗА, ЗА, ЗА,ВІДСУТНІЙ, ЗА,ВІДСУТНІЙ, УТРИМАВСЯ,РІШЕННЯ НЕ ПРИЙНЯТО
